id,sales
0,13.926382
1,12.738226
2,14.2181
3,13.606561
4,13.513334
